1.0403191527302775,1.0382824116877911,1.035121291241594,1.0338283455361439,1.0337651988100653,1.0322055789149969,1.030949995301875
1.0491707722521815,1.0426564470610604,1.0354306892883698,1.032543878369629,1.0315480027019972,1.0306533017137096,1.0291677156348598,1.0278373915284924
1.0463212977643603,1.0398881608416986,1.0377555889698538,1.0372471261216043,1.0363992629087666,1.035756313514988,1.0347922227819761,1.0329601897113005,1.031399957319445,1.0292553050129045,1.027925700397821,1.0276149000655115,1.0257414329818832,1.0244053720585782,1.0233584174808201,1.0230629662730637,1.0230331974789386,1.0229545865656282,1.022033462073796,1.0216096336123819,1.0215718906882714,1.0212210641743367,1.0210357655595061,1.0208303316528669,1.0207647315432424,1.020657924462757,1.020513215318658
1.0480329990019441,1.0388891288887179,1.030862226913545,1.0283771065432776,1.028074430864283,1.0270758066469083,1.0270092150442538,1.0260876735980984,1.0253717878595108
1.0519181071406765,1.050472325166614,1.0468598902883346,1.0441890205923874,1.0412168958964456,1.0388569977068944,1.0376730833518315,1.035152612934651,1.0330872129024453,1.031525766301934,1.0302684377828708,1.0293503325376538
1.0475517993064496,1.0394154640028013,1.0356299629963144,1.0355687100315147,1.034424979627503,1.0343908904323662,1.0336249055726674,1.033027979666195,1.0325841523593224,1.0323495640114158,1.031581044403618,1.030952058785152,1.0299361221797105,1.0294741470585789,1.0289770812471504,1.0285990592474605,1.028470561760437,1.0278797181555315,1.0273893361183646,1.0272512554657254,1.0264818241193483,1.0261493197592835,1.0258971371379264
1.0495615683033328,1.0491505842094393,1.041462584492033,1.0382641198928229,1.0356516971272398,1.0338439420765426,1.0331944573665122,1.0311792257416195,1.0292120246341447,1.0278622353690698,1.027000931503123,1.0266365886108537,1.0253338331291686,1.0250121078421606
1.0450908788283084,1.045036905039395,1.0398227599479948,1.0368540380439537,1.0354220013658113,1.0330935159722852,1.0308070417783315,1.0273709875708055,1.0263722043416108,1.0261408212433987,1.0252420882958015,1.0252190030222306,1.0246455562239218,1.0241642249214142,1.0238049838710646
1.0477413081675806,1.038633492380371,1.032178330637988,1.029588418382653,1.0282773271893968,1.0265410017780432,1.0260178672210059
1.048168916657771,1.0453045003021386,1.0437494648892043,1.035572553122964,1.03364237791965,1.0321468818301,1.0295698965962545,1.02833405741951,1.0274248195595814,1.0268772561806259,1.026540567008417,1.0256131297640585,1.025504654531812,1.0246028108342884,1.0239505494286767,1.023820377676445,1.0235487464196993,1.0235050870648008,1.0232141407510613,1.022902805777825
1.0495663582380101,1.0427807144057828,1.0371310838778198,1.036234911950382,1.0332015003829127,1.0312599881013742,1.031157941660937,1.0301453861359684,1.029473580947701,1.029074033223145
1.050051349210704,1.0435889240851202,1.036772443678967,1.0339338526432111,1.032483895108887,1.0288473395688535,1.0269029981996152,1.0260275816385076,1.0254268228313077,1.023869470752797,1.02324701616975,1.0232025648804697,1.023034930646981,1.0229623506054886,1.0226896136477814,1.0221621956632225,1.0218904537911588,1.0216147491528464,1.0211775755828119,1.0210941860207605,1.0209230869531065,1.02085379883985
1.0463786476850538,1.0460043182881869,1.0378096169379825,1.03700983830105,1.0317324461499053,1.02921635897373,1.0272021955878512,1.026359038691424,1.0261483615407876,1.0257856081651644,1.0249326387661173,1.024080885563547,1.0240022572784468,1.023914274403657,1.0236754901227667,1.0234260089485787,1.0229495789440497,1.0225584165974058,1.0221729847826184
1.049065321920129,1.041896745495694,1.0359986942593895,1.0304392068180672,1.0294332831829056,1.0268832488163246,1.025980126641826,1.025978080597399,1.0244504870149431,1.024134440469319,1.0233236514085566
1.047649022197667,1.0428436302442141,1.041245767220561,1.0399699932550552,1.0398467009460624,1.0392134485581122,1.0384852185900806,1.0375435208356751,1.036637968154776,1.0359764600939068,1.0356917787424846,1.0353232254591616,1.0352407759692839,1.0352081144354994,1.0348998996344485,1.0347979087637782
1.0490738234495707,1.0423020599238233,1.0419916559496578,1.041406707389198,1.041293575678464,1.038211226955137,1.0379688288273716,1.0365080912626685,1.0355872990733042,1.0351315061740107,1.0335495964902985,1.0325942597359883,1.0314964138834077,1.0310218780702434,1.0309925397186668,1.0304380405690465,1.0293565591281488,1.0282634333748906,1.0275981064584159,1.0271319242311643,1.026784378035056,1.0261671104221706,1.0258410724021034,1.0257105053596167,1.0254353481198002,1.025415655917406,1.0249319749436792,1.024750981851861,1.0245948154037579,1.024359094000787
1.0500061035868964,1.048651436819788,1.0471021949193327,1.0434165684974568,1.0400777584589604,1.0396935655567172,1.0395695330462769,1.037904120385029,1.0363470957426082,1.034403155790243,1.03357962995533,1.0322026085264162,1.0317794246961947,1.030669251632082,1.0301751620163526,1.0300569162389193,1.0294592444267712,1.0289345028274808,1.0283470020133718,1.0282047921598412,1.027498074803013
1.046295491261887,1.0398720367360095,1.0362248131158467,1.0349344315709783,1.0345522981621131,1.0313828339234792,1.0295220195677297,1.029460031517886,1.028667866073434,1.0271444487879446,1.0261045621770646,1.0250020999067972,1.0246784923168275,1.0239974193706078,1.0235188937581932,1.0229603032255568,1.0227577291642937,1.0222877274227191,1.0217555238662794,1.0214590119614393,1.0209874451067575,1.0207301694122963,1.0204889102461763,1.0200920579930703
1.0483825039416792,1.0416047175537744,1.0387939714187344,1.0353705066240981,1.0324528873776535,1.0320818174030664,1.0309116655202148,1.0300738832655825,1.0292461732185112,1.0286374871415591,1.0278900383267373,1.0275373225354079,1.0273566578149476,1.0270738479863797,1.0267182454164971
1.051144890008299,1.043603156143435,1.0387582702935236,1.0382353509824487,1.0371112243748042,1.0362522477339182,1.0361815496001803,1.034862633557683,1.0335087731440173,1.031479706025994,1.030475015442695,1.029598177940019,1.0284377061612575,1.0280902368727525,1.0277818370131842,1.0261607741379128,1.0254200258350448,1.0249202767015666,1.0246560471622783,1.0245586128123267,1.0239060695158269,1.0236415023308094,1.0235707036573476,1.0234340367340333,1.0231860535768555,1.023154796800341,1.0229817768771619,1.0228120765974287
1.0501436336671126,1.0445044497666969,1.0385864437128582,1.0365915503583831,1.0336067034394785,1.0326878277679326,1.0317059207433417,1.030928661588261,1.029659496912564,1.0274936480300996,1.0257916659639361,1.0251150012500925,1.0246187638120905,1.024009467304665,1.023691272042546,1.0235037757930388,1.023166588374956,1.022953676706357,1.0228345452452248,1.022529839033627,1.0221670578204496,1.0219282406130878,1.0217693838292115
1.0453042715413687,1.0446615147227676,1.0441054165747166,1.0350013090363255,1.030466645340172,1.0278955128114027,1.0275153884397012,1.0262047690640166,1.025379483396401,1.0250980611092224,1.0249349494175268,1.0245591894384651,1.0244121636299737,1.0244017332800806,1.0240900909856656,1.0238591925851228,1.0233548519246227,1.0231307884888017,1.0228708769790726,1.0227499516318337
1.0494129878698626,1.0455224686420068,1.0453511825922888,1.0428055252805337,1.0422356643979513,1.040328616940065,1.038713264873514,1.0375692932988987,1.037482232334547,1.035800775879526,1.0352466686983153,1.034294221374761,1.0332918254339014,1.0327322404803956,1.0322535437358422,1.0319922924205651,1.031700942255939,1.0314728575420178
1.0490080425094324,1.045465913437292,1.0446630927618044,1.0439699069699686,1.0436389217170516,1.0406409863716741,1.040179909865907,1.0384932001985596,1.0381047585836147,1.0377876035502176,1.0367975063658326,1.0357569555247619,1.0344799485494889,1.033521145716109,1.0324620549395256,1.032114568410391,1.0315630302399676,1.0310341821372002,1.0305006973052837,1.0302579618654961,1.0298030461402237,1.0297378485316298,1.0297027504582974,1.029225909737709,1.0288135301759707,1.0285665060510114,1.0282672094740235
1.0452182908923975,1.0421171857238138,1.0420356849296513,1.0383404776173104,1.0381982972013621
1.0482181240351702,1.0402420185440653
1.044924522311408,1.037620907734464,1.0364837862138478,1.0361716858334464,1.0334044306233034,1.0312153412735652,1.028525136738914,1.0269587633990043,1.0260146712236353,1.0248729678234347,1.0243955396387412,1.0241622950118494,1.0236659232747878,1.0229579064589072,1.0225444595352289,1.022186707274827,1.0219821785492267,1.0216778761983614,1.020968267951615,1.0207104603696957,1.0206338447834677,1.020602552327709
1.046962117914077,1.0377618200387144,1.0353652837791545,1.031435084378518,1.03069819922027,1.0291774131174911,1.0288241834357161,1.028820132763664,1.0274073859344552,1.0265487843740135,1.0265390427922627,1.026448554667872,1.026217971071108,1.0260726436774508,1.0260185537937776,1.0257330900903179,1.025398836359552,1.0253604454359182,1.0250118083701152
1.045470981829522,1.0430827940199974,1.0395838320357704,1.038209669726449,1.0381491887504728,1.0364150461124388,1.0354532431517351,1.034455352803687,1.0340562396219768,1.033554848863288,1.031783534980779,1.0305955697927294,1.0295540038228446,1.0293775256665398,1.0293229904900019,1.028954579480572,1.0281750810680481,1.0281217558814006,1.027393438843068,1.0270072035618016,1.0269170066957347,1.0263910222868307,1.0260515502922067,1.0256578497254898,1.025280339599848
1.04676682157344,1.041032735407732,1.0393821718130372,1.0361935792729475,1.0354911401814346,1.0326350942421822,1.0298219675278388,1.0282481277079012,1.0275428058565061,1.027101510671269,1.026690753229212,1.0259136880333422,1.0254932131838612,1.0254510625894773,1.025432687470851,1.0250295297110634,1.0247792569953933,1.0246370751840423,1.0242099312147184,1.0239757938946514
1.045318038313895,1.0449600992323416,1.0443061311230004,1.041537090582784,1.0398263246057673,1.0378417655042436,1.0371626764417923,1.0363616442579213,1.0355617937226738,1.0345645642871444,1.032414527468547,1.0315373886152104,1.0303339989252878,1.0293972202301582,1.028473229418747,1.0275378286314336,1.0271311620950887,1.0270637011705863,1.0265525196593568
1.049032983264157,1.045791144217667,1.043081580677707,1.042814937917219,1.0420277462736196,1.0408033352007822,1.0408003494112625,1.0396872947050149,1.0388849422957587,1.038354200484799,1.0379814776825997,1.0376101479370137,1.037356258276078,1.0372538728362282,1.0371643156955646,1.036961012365571,1.0364268027490042,1.036050037487393,1.0358902024758423,1.0358183469008964
1.0455791400960017,1.040890070303095,1.0392610567756986,1.0380085719257828,1.0359942848322858,1.0335746651793776,1.0320420111518762,1.0315449992701948,1.030615911464234,1.0303499735467192,1.0276736058756542,1.0265663043631275,1.0254772312113785,1.0246416572680055,1.0245759311898643,1.0239530792251854,1.0235247817798934,1.0233438265445278,1.0232459439184458,1.022989887730025,1.0226557384065953,1.022427996236239,1.022193614944139,1.0221678140119093,1.0220705947427617
1.0497176467630498,1.0492720306713252,1.046177204720555,1.0406382098644464,1.0405756120879814,1.0375934848294177,1.0360799375517313,1.0351597425443106,1.0347183001841251,1.0335178633399404,1.0330645766176796,1.0321286062060546,1.0318351446779495,1.031396618722268,1.0310456185408883,1.0307906718106885,1.0301789139203068,1.0298468654782025,1.0297343656314455,1.0287385587858853,1.0282429937534538,1.02788025830608
1.0485237550137136,1.0466568850036366,1.044904905851133,1.0434999497364343,1.0414497084268082,1.0398896370889636
1.0481604267868896,1.0476637288322785,1.0457302041612562,1.036391402841405,1.0357189046231983,1.035016680057847,1.0326924554469687,1.0310479819887979,1.029267679095588,1.0282692653942367,1.0279101117920495,1.0271639547858658,1.0263336192837864,1.0262857414933246,1.025752381486704,1.0252022297803218,1.0251721802858098,1.0244768812046476,1.023938358954876,1.0234740208595512,1.0232923681774304
1.0475030306826247,1.0466361883361857,1.0419996126826703,1.0346463303404652,1.0296399838353483,1.0268034763116085,1.0256309772564012,1.0245142413566883,1.0236132409256962,1.023195255928441,1.0228080735612521,1.0222304805622782,1.0219691772670005,1.021884988281653,1.0218342679646657,1.0216827096958272,1.021309692839394,1.021214533328685,1.0207592375092047,1.0203964480759438
1.0505728094432834,1.0431115111101232,1.034677556068368,1.029421376812704,1.0285699914631117,1.0276746373005534,1.0276523885996482,1.026124347395903,1.0260701836004542,1.0257460940555296,1.025054996887269,1.024230602023004,1.0241336774600298,1.0235615934673354,1.0231291047267845,1.0228529783592946,1.0228450353243126,1.0225708892210592,1.0223303201365723,1.0218331112107468
1.0435711575963569,1.0399204104735458,1.035571794161382,1.033165611282516,1.0297276449834247,1.027809461210276,1.0278087710704025,1.0271714887508347,1.0262057978469195,1.025764531321697,1.0257590811776476,1.0244156034427976,1.0238708802800227,1.0232473705461536,1.0229845744447734,1.022747969370164,1.0226370161440437,1.022144530372898,1.0217335837317416,1.0214282336466016,1.0212565501566846,1.0210450173656775,1.0210136850933533,1.020930719233085
1.0459685065247404,1.0396937771818517,1.0389295516024415,1.0374080670797912,1.0373268798230215,1.0367146379640542,1.035169772208859,1.0329963761336731,1.0315648519174947,1.0302186955441122,1.0286301582390054,1.0280991942088782,1.0277909533582164,1.0275606197368967,1.0264665577297611,1.025766117996659,1.0251813935580756,1.0245882522928498,1.0242681773873368,1.0238656206996848,1.0231944604033791,1.0224408049143758,1.0220323945523644,1.021731844245837,1.0215310468004006,1.0213280178242194,1.0213020826299315
1.050298989284583,1.0500016047037921,1.049961990603289,1.0489230044503228,1.048678944551965,1.04840392878385,1.0465990605444948,1.0455304485518784,1.0446310674725987,1.0433411237440788,1.0419348660584307,1.038444820067457,1.0378594218650852,1.0378191794857423,1.0373967110798954,1.0366406900750507,1.0356427130351131
1.0495531132756462,1.049326857348548,1.0424336642138672,1.0388484922529209,1.0353795729379027,1.0329698533374507,1.0307914099870248,1.0307521833087203,1.0294493551419088,1.0289367316121638,1.0282065792432609,1.0279483971963854,1.0276532593558587,1.027501105993934,1.0271418103613803,1.0265816448973881,1.026490541591489,1.0258315355187988,1.02552466114534,1.0249811993883196,1.0248423040375172
1.046638974771794,1.0371763940356225,1.032952147171456,1.026737135610536,1.026020023252342,1.0258696289228029,1.0258655562553762,1.0247140569245328,1.024316730556866,1.0241459287978691,1.0233877820229134,1.0225953136104002,1.0225649613941747,1.0223291889964004,1.0220567057604832,1.0215051085723368,1.0212253050282658,1.0212131668590838,1.0211871087004945,1.021101898644012
1.0499555652606172,1.045717469416031,1.0421249290355283,1.0392543482185923,1.0375439012558132,1.0360955551263447,1.0360018510051692,1.0351496985803565,1.03467374087189,1.033472350981946,1.0328341182913445,1.0326451482402041,1.0324437606521109,1.0319355281724203,1.031910680246098,1.0318719402596288,1.0316605294450583,1.0316336187117083,1.0315833311117975,1.031358200817221,1.031180512601347,1.0309757207286627
1.0442183771231144,1.0424219221450004,1.0348907889033454,1.0344764534864515,1.0300355070062517,1.0279831393301013,1.0272046034849511,1.027077077082768,1.026412255795539,1.0260596009576186,1.0252320029699196
1.0462279101686458,1.0452013834273104,1.0450413038686963,1.0443763882005614,1.0435372428619432,1.0427806278459417,1.0414553684175536,1.0395675077693975,1.0379235849762196,1.037314712766377,1.0369072445982406,1.0365162505433905,1.0360399765084707,1.0354660232284443,1.0353057927504774,1.0351487620123252,1.0346900731201691,1.034246391282501,1.033704942308905,1.033516654233499
1.0487197146083411,1.0479125409032353,1.045787836961176,1.039771795799651,1.036283387171054,1.0331996123078213,1.031369242986772,1.0310586582661763,1.0305564728231817,1.028920582117183,1.0288889312612233,1.0279561816725913
1.0466290980951698,1.045300171190102,1.0437143848802184,1.037670643227603,1.0355036217052316,1.0326371505970036,1.0325772899114656,1.0305152569876213,1.0291249954314725,1.0272984323679764,1.0262527188765134,1.0254582101324183,1.0250130943002949,1.0246254165333983,1.024161740947211,1.0240642749649345,1.0237389417241787,1.0232945999945582,1.0231467925758833,1.0229805867352484,1.022818434405874,1.0227673959334236,1.0224030507319586
1.0457977308309463,1.0412904533237564,1.0394865629068017,1.034276869989033,1.0314295469365695,1.0285389903417612,1.0278421404278222,1.0264510750809328,1.0254424078671267,1.023906168920484,1.0238092642256662,1.0226485976216384,1.0220235336989572,1.0214845679182263,1.021208697091154,1.0209605353165947,1.0207471816815694,1.0207396011099956,1.0203594073824056,1.0203213913920468,1.0199463486802862,1.0198378176824456,1.0197604571044998,1.0195820091746746
1.0473844519574171,1.0406275396192615,1.0397354341611167,1.037271646994975,1.0324439703113382,1.030641786265256,1.0284612373906672,1.0271855698888792,1.025906692619118,1.025510060437292,1.0251821961112748,1.0248714294041017,1.0240595722404369,1.0237071874504449,1.0235130210785641,1.02336664286641,1.023300067780112,1.0230438634276962,1.0228092723176805,1.0226986414255,1.0223484456744256
1.0468740969038683,1.0385458167395725,1.0330244837395783,1.02837475546163,1.0251145831555177,1.0240459023324655,1.0234280100939734,1.0233798417853406,1.0230747293762354,1.0226756326798505,1.02261487431023,1.0225729796129028,1.0224576530574323,1.0218869207307741,1.0218802738909072,1.0213723807440946,1.0210894878053927,1.0207701783586638
1.0486259621394551,1.0477671114815552,1.0452845737159167,1.0413079895239767,1.039680368068897,1.0386751357784707,1.0363636470073183,1.0336375873495858,1.0314753866968454,1.0314563677456663,1.0296611879000372,1.0284619105804553,1.0273951122784442,1.0263568657109572,1.025721661545447,1.0250334063808069,1.0243900374892008,1.0238921762941886,1.023731024979988,1.0233516058145322,1.0228165785557546,1.0224019121861478,1.0220798645932831,1.021774570014985,1.0215433593646308,1.0214329608179824
1.0480973204990194,1.0397184222774247,1.0396979339161097,1.0388259108093358,1.0351927228627311,1.0340850193430897,1.0320481815415135,1.0316670978303752,1.0301446194211281,1.0293356595037337,1.0280600659891632,1.0275004663071092,1.0269407155911539,1.026578698230232,1.026200477750936,1.0258180278675824,1.02552807549323,1.025130202215803,1.0246797688145115,1.0246396179103698,1.0246239323119422,1.0243869026766714,1.0240224562593934
1.0504929520862705,1.0434088826424066,1.0416939329285813,1.041301275033259,1.0380003805164073,1.0379631461372663,1.0350456024811663,1.0334761658119338,1.031991773977761,1.0307976255873537,1.0297825236154434,1.0274870496341608,1.026185989745077,1.0250842021341093,1.0245136864860116,1.0239814738296178,1.0234920274881945,1.0229214666844946,1.0223725393386291,1.0220899451090906,1.0219084602808524,1.021704771302675,1.0215936620539974
1.0472335462463298,1.0415013129517565,1.034913034816395,1.0326424656378166,1.0309673796434065,1.0284798142773344,1.0264369408758374,1.0254909699793462,1.0247637611918639,1.0244695161295754,1.023794328945591,1.0234829029584593,1.0232189874539355,1.022925903111865,1.0226679959296292,1.022398502663479,1.02236148010325,1.021728613099901,1.0217119027955996
1.0481286427017114,1.0428895248633971,1.0385354268402047,1.0379288090362164,1.0359660341336379,1.0359471531286557,1.0350150012517287,1.034611798992135,1.033932900279303,1.033615242442531,1.0335978976548248,1.0330081822574684,1.0326491443377328,1.0324473184864051,1.0323809395079835,1.0322005496772346,1.031555672574908
1.0446431631268294,1.0441806961064493,1.041994680193554,1.0351979850032216,1.0302114830705498,1.027782980230659,1.0264884632196125,1.0252363795952368,1.0241295842534697,1.0235399257023325,1.023217495435603,1.0228912200822438,1.0227630411407325,1.0225556303738637,1.022477288515948,1.0223304745059003,1.0222854536957717,1.0220145355106394,1.0217463047533608
1.0460879229559596
1.0486133290313717,1.045907419959712,1.042520887227943,1.0375478455860372,1.0352350662987482,1.0344397907422003,1.0344198428135027,1.033735976025026,1.0324119125702031,1.032044254502147,1.0312004296606465,1.0311892332520693,1.030961497045575,1.0306548131474529,1.0303553882689063,1.029593750035089,1.0295149207345564,1.0291170486261565,1.0287309933021676,1.0283069174557091,1.0281509603402015
1.0464253286030407,1.0401796053775738,1.0401378848062677,1.0350852752694228,1.0325518153316708,1.0320980896669494,1.0303772422197397,1.029334867822681,1.0291530079384903,1.0291369641396828,1.028173065830216,1.0277445560443332,1.0269724248128234,1.0264786256229572
1.047424718944286,1.0461850810537487,1.0399896915802183,1.038167155897322,1.0359235063631929,1.0359010535544124,1.0341032962429186,1.0336932010753024,1.0330853074060466,1.0324467986378072,1.0311597737350013,1.0303065523095671,1.0297771415717816,1.029009927132575,1.028870069678161,1.0281162364482006,1.0273761941165347,1.0269232004156774,1.0266826321654803,1.0262285585198658,1.0257582225455555,1.025047713631731,1.024430876683081
1.047671229632582,1.0408043469808508,1.0407434181206974,1.033983094017461,1.0329261301250778,1.0312465636147639,1.0286900830573107,1.0261551872690908,1.024929071485667,1.0245027862411824,1.0231885677660604,1.0226536427189923,1.0221506504341997,1.021547040694867,1.0208138058150127,1.020421781278571,1.019700324626125,1.0195058489622573,1.0195036724443551
1.0473700862734046,1.0469890838300628,1.0461021886803694,1.0442578669045175,1.0411442027993476,1.0397022426923628,1.0377773261038739,1.036879056288834,1.03596008061662,1.0358933810291526,1.0358874067391832,1.0345487218945608,1.034513801856502,1.033794077673928,1.0332324481961492,1.0321387482590294,1.0318632961055187,1.03149917877458,1.0313049397945449,1.0306630807501453,1.030367172854969,1.029821476919558,1.029361880650691,1.0285832063620781,1.0278834956027305,1.0271176953267533,1.0266577552442189,1.0263860769664488
1.0477625057714617,1.0472527719382696,1.0416428813492686,1.0384935118755139,1.0379195516474145,1.0367119098104847,1.0335496307906393,1.0317378722936252,1.0299466900476837,1.0295253163249876,1.029243370944327,1.028382482299176,1.0276566725553995,1.0264044292859416,1.025578259157469,1.0250702145620776,1.025063960261173,1.0247604052520463,1.0246512828976686,1.023908815252083,1.0237178873077533,1.0234711314420328,1.0232680012447155,1.0229975239284774,1.0229024579659427,1.0228424202694648
1.0479798009299994,1.0432041362768751,1.0383149557506393,1.036884621284905,1.0312124005866719,1.027955706844755,1.0269942132157506,1.0259548537622254,1.0249220357341835,1.0248108515555017
1.0471305994973488,1.0452372976576458,1.0447509854880548,1.0423176975252777,1.036036397534624,1.0329241770133293,1.0302057705585956
1.0469687467653208,1.039459229118197,1.0391675559893387,1.0377025283945525,1.036491408154544,1.0334830897936351,1.0331085242340203,1.0321207062032802,1.0317133369750564,1.030586690632538,1.0301006683232181,1.029829465547031,1.0291141898621834,1.0283700122876203,1.0278759789918566,1.0274789708473653,1.027137467717353,1.0264775779177242,1.0262957453271333,1.0262591372760657,1.0257715613169844,1.025589962552741
1.0526620426866633,1.0471554182027438,1.042969794042346,1.042344494512619,1.0422640979332918,1.041548603679529,1.040712130950055,1.0405879792093957,1.0405843144735771,1.0401304466347818,1.0397541803368484,1.0391579227040944,1.038580480639839,1.0381632745534815,1.0381226289637187
1.0477086433598202,1.046533963727287,1.0416229859441781,1.0416194465524637,1.0386532992719977,1.0366108743291402,1.0356302086914677,1.0355492607658048
1.0471586293398578,1.0467553728315289,1.0460432487761007,1.0454491353898143,1.0448588115917123,1.0433189142474062,1.0399482543128191,1.0389968887177725,1.0376410098829099,1.036203296870171,1.0357989811807886,1.034791263062046,1.0337857971353392,1.0330040448355409,1.0329085031978829,1.032851261789417,1.0326241086135646,1.0316367608909673,1.0310176103957347,1.0309376951752245,1.0297910496420044,1.0295805493099104,1.029525541963853,1.0291399016468616,1.0290471706779292,1.0286453447572521,1.0281675148466796,1.0278301426690712,1.0275788715298497,1.0272906187697959,1.0269654387431182,1.026941213256953,1.0267616301724791
1.0476057685197957,1.0402230598094184,1.036634992884558,1.0365915998038557,1.0353118492271336,1.0346816555630283,1.0346408977577644,1.0341739605626261,1.0332208486701429,1.0317243056323508,1.0307492444480273,1.0299121572779892,1.0291555802611339,1.0291164922623965,1.0286864960765378,1.0283559713847372,1.027857015372286,1.0275614983155523,1.02735310492246,1.027193418917731,1.0267132807051265,1.0263606134657095
1.0465169845619628,1.0419076668624905,1.0400205636662643,1.036186482782576,1.035493746069141,1.034819500706677,1.0346574011081846,1.0344961698264319,1.0337296530614903,1.0323740905887255,1.0312905603441598,1.02972953957751,1.0282573429329072,1.0274850514607978,1.027189662611739,1.0262695268044812,1.0260971736098685,1.02545892874832,1.0250542183216433,1.024767853532635,1.024625677049733,1.0241175890263166,1.0239810608190483,1.023861701620734,1.023792572847408
1.0470798784209552,1.0333758399810835,1.0304999424256616,1.0292921676745646,1.027648555341164,1.0267043590344924,1.0262970560599816,1.0260348968606294,1.0251018924960924,1.0241962538733498,1.0231960198527954,1.0227503579409811,1.022173584077843,1.0220691534596769,1.021800743581077,1.0215247407636698,1.0214166309914543,1.0212394737081878,1.0209941530398747,1.0209525376618565,1.020759730565577,1.0205516117620332
1.0429840510906008,1.0413339884830288,1.0380035872700193,1.0370573544385262,1.0356021242747988,1.0342999998488411,1.0333172142319,1.03302617859299,1.0317322750741365,1.0308916385420748,1.0303763351384572,1.0301067307496257,1.028516579102123,1.0275633228637806,1.0269831683400283,1.02644672546792,1.0259022887152525,1.0252414984620466,1.0248844728762643,1.0246554866732063,1.0244349260989076,1.0244242956026468,1.024188332627581,1.0240908696910211,1.0239965004210012
1.045208906663055,1.0386360900750091,1.0386263647802234,1.0329978722701116,1.0313686609596242,1.030389617459684,1.0295265683415515,1.0289046261048653,1.0273669267497794,1.0265207068377824,1.0259806322913059,1.0257663624341284,1.0251888414581432,1.0251295255919692
1.0437651635981928,1.0419269280881218,1.0350831390531339,1.033722556775657,1.031104014012085,1.0301329897497409,1.026225645327574,1.024927413196718,1.0249045763868934,1.0246281856639792,1.0240592907247672,1.0236948340914018,1.0236094417488892,1.0229158585483957,1.022816709900314,1.0224927000662196,1.0224177288581562,1.0220707660502348,1.0215064098830926,1.0213393035248626
1.0495056656296824,1.041697799085964,1.034241660283505,1.0341971835027288,1.0321123894938669,1.0321110423123534,1.0302876438106725,1.0293908122498538,1.0293001549712206,1.028155409976078,1.0274334389489508,1.0269075740235054,1.0266785088070032,1.026242211929825,1.0249846369040425,1.024764344776742,1.0242926853424104,1.024121940325672,1.024037110084736,1.0238149858399759,1.0236726884407383,1.0234000327485853,1.0230432772256817,1.022886306295737,1.02286351312359,1.022807041973425,1.0226760641073835
1.0472788062660314,1.039952715898326,1.0384385945683374,1.0375499373658001,1.0370980706526671,1.0351932610430683,1.0345056207373577,1.0334823779903854,1.0334070047020623,1.0328214834100835,1.0326035695396798,1.0325715201816024,1.03234872951616,1.0306301463743253,1.029916950722694,1.0294371040260382,1.0287710339684568,1.028339670908334,1.0280687576763092,1.0277728462561029
1.0486507565842398,1.042229616575506,1.0323493755552362,1.0323389047135583,1.0301045580196195,1.0291532929507754,1.0286421720795527,1.0282853251274344,1.0275281296841325,1.0269387385026527,1.0263825641751039,1.0260761136670689,1.025331799957421,1.0250107219975113,1.0249249753566652,1.0248869934391471,1.0245967609737612
1.044949471136059,1.0358936028605374,1.0303230461648425,1.0265484489863264,1.0247141116962768,1.0242254569031024,1.0241451114201807,1.0236951593501524,1.0225514614346427,1.0214097556278063,1.0206134891510992,1.0197861143726494,1.0197077769762741,1.0194879225175382,1.0194497572304297,1.0191070904621624,1.0190053737432008,1.0187745706528575,1.0185740027399863,1.0184945829472802,1.018137169979274,1.018078783748946
1.0492886282362603,1.0396581453248153,1.0389930440314687,1.0340523059997206,1.0334609730295317,1.031531188902647,1.029258055038668,1.027444727451466,1.0259736230687395,1.0251442154484585,1.024081212692945,1.0238738813379504,1.0238581060520366,1.0233480641726318,1.023055863537351,1.0230095302520616,1.0227169235360711,1.0223895093328315,1.0222200254109184,1.0218524449459765,1.021685219905815,1.021635912061159,1.0214618474401513
1.0465016548491801,1.0428036978337962,1.0427429513118363,1.035315761427812,1.032807039161911,1.0320902198052195,1.030195630431252,1.0294799256129472,1.0278559678792059,1.0263821384848912,1.0248133359648897,1.0236612525051578,1.0231665552726772,1.0227524658353278,1.0222896325099182,1.022269650571582,1.0220547201789487,1.0218837564403083,1.0215864485097177,1.0215221927336406,1.0213368660978268,1.0212375832778193,1.0210781915722715,1.021034086524067
1.0453757739989293,1.0451280179061215,1.0376997343045404,1.0364100520396737,1.0354061387190727,1.0338895661256202,1.0324147430294384,1.0314713375693447,1.031257157789759,1.0310458742767228,1.0306651758040255,1.030650643623322,1.0295794885315486
1.04929057275446,1.0382498010079606,1.0364775122258718
1.0455350902493123,1.0438604274838827,1.0404612581434238,1.0399060932517328,1.0366747374106147,1.034452499772244,1.0336500233129802,1.0327017240097451,1.0321359542633093,1.0315399991308758,1.0314725301359728,1.0312106976489752,1.0306885727748458,1.0298857039908835,1.0289876793138693,1.0283756602376575,1.0281088741958653,1.0277451811052754
1.0500625127288146,1.0491133015546288,1.0489642972638507,1.0456606586671313,1.0422112512371433,1.0392702181589506,1.0383583051401601,1.0383456186429647,1.037387834822484,1.036567881454645,1.0362273758243365,1.0358259468041517,1.0354720490004508,1.0354062472693206,1.0347704949879324,1.0345314500015987,1.03416637676966,1.0341559511156826
1.0479691088935221,1.0421649449556327,1.0343661566375368,1.0317972991131317,1.0289071706325466,1.0288486418574896
1.0480876466541906,1.0475760389148212,1.0453728387821097,1.0386776772077737,1.0361947051594322,1.034091784444027,1.0330096947327443,1.0326848461464282,1.0323903685101785,1.0323556054251735,1.0305168739911632,1.03049938199425,1.0292671365753738,1.0290002554927098,1.028140003733815,1.0275942195365764,1.0273226850482857,1.0269743484159681,1.0267617418219517,1.0262969759260612,1.0260229120956197,1.025561158499032,1.025023964628922,1.0245704169292666,1.024436933481303
1.049752949938647,1.0430962051739117,1.0380136529220083,1.0375662118611235,1.0346980771445595,1.0324777665242577,1.0305569509382275,1.029432183260074,1.0288394036167179,1.0281811620470718,1.0280266816319295,1.0270801548693502,1.0268147647694614
1.0455099306167075,1.039880795869409,1.0359882996352416,1.0358876752807418,1.0353588877306565,1.0352822228643144,1.0340146888505397,1.034002421393602,1.0333482041154642,1.032793488197093,1.0322594128934233,1.0320625528229768,1.0311528649385853,1.0302499751875105,1.0302280446947727,1.0301893299100167,1.029740361029195,1.0290672151870124,1.0282757965629705
1.0494847081037355,1.047325712258166,1.0402859272456841,1.0373295020576587,1.0363809062037102,1.0353705344703474,1.0330657954974285,1.0330636939109288,1.0310818977757827,1.0307266628597342,1.0302294181093061,1.029011121784617,1.0279402564828743,1.0279262506530207,1.0265639314119135,1.0258699722877551,1.025572400947661,1.0252905975112125,1.0250728386033674,1.024793081791224,1.0241157672166312,1.0239693367206284,1.023766119586671
1.0447622220790713,1.0379856159979541,1.0341773179345097,1.0315491142773285,1.027876087662058,1.026941887060489,1.0254626327594973,1.0252267064011065,1.0245093480040166,1.0234613920231357,1.023070103581804,1.0227046898803966,1.0223802267081197,1.0221913320870337,1.021633056669618,1.0214469474661587
1.0468311451396461,1.0382334587726807,1.0339573057935265,1.0299311317928812,1.0274523388930044,1.0273391720332654,1.0263446158202938,1.0262850291563599,1.0254964056138378,1.024978605983648,1.0239229369393854,1.0232813548813287,1.0232781288149266,1.0228019375108124,1.0227216716999568,1.0222785033369506,1.0222494730511762,1.0218912100923205,1.021654198442021,1.0215224531385605,1.0214045300207275,1.0213262805748915,1.0210500009392316
1.046236891572503,1.0456718788834547,1.0441075192213787,1.0404342982301689,1.0374200937660307,1.0346000026639175,1.0309585595448685,1.029783080639088,1.0288125397349774,1.028507295359673,1.0275344308005445,1.026544747402223
1.0491449486005924,1.041997204978128,1.0380356696166873,1.0371209587254562,1.0340960779523787,1.0323260944523414,1.030949608747931,1.030242396889246,1.03011742590034,1.0293192270919664,1.028216119918428,1.0281894661555102,1.0277691600933772,1.0272224860640449,1.0269869943761898,1.0265466820643878,1.0263412385468589,1.0262735939030136,1.0259447504359827,1.0259101800351291,1.0257830728345825,1.0255470065659815,1.0254433326243548
1.0448219218308552,1.036498114330046,1.031913450480803,1.0283579487120784,1.0283163405376685,1.0268519172969874,1.02591105969373,1.0251758062272998,1.025103103859584,1.024917253117323,1.0244853094251984,1.0237678233340406,1.0237017758205769,1.0234736702104776,1.023094636163689,1.02280523083958,1.0223270635672757,1.022165863250433
1.0488124290955696,1.0488075144394942,1.0428651948578707,1.0394393645135402,1.0392547813441546,1.03777408782097,1.0369392391790153,1.033704702431318,1.0324165980343853,1.0306403108380389,1.029274001244134,1.0280209206292104,1.026749419596522,1.026749301639537,1.0262450325527124,1.0261216829288573,1.0257322986435358,1.025294662246342,1.0249581506280532,1.0248556160115958,1.0246612332661695,1.0244483921085281,1.024311432450247,1.0240407178499686,1.0239260098381613
1.048713652844626,1.045178496329895,1.0387118529262236,1.029556965147547,1.027923176802743,1.027884564746277,1.0277906402049777,1.0275389453474764,1.0258572597333768,1.0251822651441858,1.0249007654463858,1.0241853764348874,1.0240655553143618,1.0237977831701552,1.0233469771255237
1.0481866828025719,1.0392142288258395,1.0367305829036715,1.0340769299706958,1.0309547173359928,1.0296470353535712,1.02832145065008,1.0268834553749804,1.025427890396736,1.0254126052655637,1.0243363322285823,1.0232736171238896,1.0227031822324857,1.022036109610738,1.021623189810671,1.0214132826372941,1.020930408741572,1.0207827938731422,1.0207038123325332,1.0206074762732202,1.0204540851477046,1.0201834293176464,1.0200747566285586,1.0198981316183557
1.0445663481656353,1.0437648287069197,1.0362477112103308,1.032852949017518,1.0328072749973087,1.0319704584929943,1.0309858826961669,1.0299342964440352
1.0507098783332163,1.0498660970125462,1.046972388103284,1.0430234510662626,1.038843741903396,1.0388017136996426,1.0373630504372593,1.0358249155904984,1.034406273698091,1.0341918147966354,1.0329320306417962,1.0318970504120515,1.030818242689589,1.030459417930594,1.0303505083700355,1.0295712513324193,1.0290609169508043,1.028845594674034,1.028150400909838,1.027800599846493,1.0269051143106207,1.0266504980087674,1.026144417655974,1.0256786080894964,1.025341303254658
1.047650351270995,1.0427229733585472,1.0401065779817453,1.039478573353657,1.0340999963296407,1.030866695173552,1.0308520276233817,1.030047412603225,1.0285898603016181,1.027703744973751,1.0274528160449485,1.0265622748219188,1.0259114917913494,1.0254707773286211,1.025175120966547,1.0245661325885944,1.0242891945109887,1.0242117456706101,1.0240977767183599,1.0237583195519946,1.0234798394033777
1.0464523684305944,1.040441667128662,1.0384675873713127,1.0372444423416,1.036200923027919,1.0357540531796583,1.0356252602881957,1.0349380654775153,1.0349199478718418,1.0336114277764312,1.0326366444450645,1.0314541954778185,1.030418372430482,1.030008696424971,1.0296419052463284,1.0293141129256747,1.0286509897546123,1.0284999232495824,1.0280400514959207
1.0441949738762557,1.0434088709944653,1.0346878545661897,1.0321804135483779,1.029132444660566,1.027273515182648,1.0260388809646395,1.0260306497415674,1.0255306579148478,1.0255228338257978,1.0250993271434687,1.024939235768022,1.0243067012230689,1.02312670810599,1.0223321011590458,1.0219233174929103,1.0217697959075436,1.0216818999269082,1.0215705128459418,1.0213871588483678,1.021062185841535,1.0208098245464263,1.0207647267834599,1.0205886868184355,1.020552513475942,1.0204662644104843
1.0505430314368327,1.0499790903075519,1.0444060822239385,1.0442992230176147,1.0421545728799475,1.0397366655065234,1.0391736023376033,1.0389183119998369,1.0381894941094543,1.0369515000891858,1.0366870937559491,1.0350078867954677,1.0336996584378142,1.0330517944929651,1.0327287471805058,1.0316327756266976,1.0307370827991562,1.0292773262584,1.0284944476952498,1.027833145514517,1.0274232314704708,1.0270133545657114,1.026754712330912,1.0264362096685031,1.026172610904078,1.0257801891403395,1.0254208622573096,1.0251990651266696,1.0245651695373528,1.0242280512101805
1.0478428297045403,1.0416191853986057,1.0405701964967173,1.0405620809040343,1.0400818502292049,1.0389957235128242,1.038639607598165,1.0363173733672855,1.0356805641888178,1.0352531391993127,1.0348254898718217,1.034257922824891,1.034097791346278,1.0332727771767016,1.0326100612447924,1.0323573840749964,1.0318679231286472,1.0317847775829179,1.0312349952772388,1.030754682906871
1.0463792812092012,1.043861377331726,1.0438190631232531,1.0388408044369732,1.0380335489861505,1.0362064077294126,1.0362034705296572,1.0355507989972472,1.035054020019729,1.0350181421116091,1.0338836279483195,1.0321786965921984,1.031099309027245,1.0299736000709232,1.0290328657946624,1.0281084466389634,1.0272451678242542,1.0261021622827333,1.0260499515413284,1.0254088766678833,1.0252527637399294,1.024943332204443,1.0247483574315415,1.0245246343429066,1.024403789353155,1.0240923243753672,1.0239907824331789,1.023896183629875,1.0238226369191694,1.0235610191585305
1.04955346558907,1.044873977022601,1.0404232041485897,1.0372275037165843,1.0337311361708117,1.0330481281891262,1.0324647909792444,1.0300456717880386,1.0287611448299048,1.026966144877288,1.0252352297332323,1.0245508543742543,1.0232461316950305,1.0228148283640288,1.0223139820153342,1.0217181273307312,1.021347564186721,1.0212155575274617,1.0208465888904525,1.0208213685404068,1.0207482276685405,1.020515821530608,1.020331551815684,1.0202319371413626,1.0201551382532101
1.0478649960019693,1.0468369483448658,1.0450881327053336,1.040940835709458,1.0371155319875327,1.0357067796166912,1.0342653685193695,1.0322238217315516,1.0317655510685306,1.0303687135602513,1.0292466020365763,1.0285687904449836,1.027967785711014,1.0274466038898762,1.026910595902603,1.0268279077843054,1.0263935846291514,1.0262291327159772,1.0261772932055089,1.0256330968408174,1.0253062301921896,1.0249503274721847,1.0248333467318593
1.0492667793897754,1.0480114773975413,1.0459990923269131,1.0434112061368341,1.0422565722755999,1.0409486294068484,1.0395418516397794,1.0379851447280983,1.0362673856998272,1.0352020895224432,1.0340356299678348,1.0333243483981975,1.033277348417484,1.032841110067915,1.0324800170726551,1.0319282382358608,1.0312932434507698,1.0309007039098774,1.0306112764335864,1.0303002232278824,1.0302723901063655,1.0300229619319996,1.029992281636504
1.048490659072704,1.0443139464492324,1.040255303874559,1.0376984196665553,1.036515883475809,1.0364960018927558,1.035474804590484,1.0351915187957483,1.0340481571948974,1.0336777932437504,1.0329615964223566,1.0322288831178368,1.032201464756886,1.0320379787372314,1.0318725271068017,1.031651863767915,1.0316239443938848,1.0311818173202525,1.0304627433435298,1.0298781481699504,1.0293017897672887
1.049058250037614,1.0402538497416605,1.037340696559517,1.03719535558264,1.036131488151649,1.0330698707575425,1.0308136455757484,1.0280145977392499,1.026900355204218,1.0262951376706726,1.0247980856577448,1.0242385808382544,1.0239809884509252,1.0235802133340308,1.0229728241368132,1.0228021768668933,1.0225454418823519,1.0220411726512064,1.0217913316857792,1.0215832655436572,1.0215650442647592,1.021433008066899,1.021276256873859
1.0459633692841805,1.0399135725625823,1.0343112662175735,1.0322282264520302,1.0317462702306044,1.0317416520442166,1.0312941374109115,1.0306619980372456,1.0294463679004608,1.028799579611481,1.027693622591436,1.026193483256915,1.025164240704778,1.024664709798588,1.0240853462707105,1.024026275221687,1.0237479413497919,1.0235879143286664,1.0232590120619576,1.0229211155302866,1.0228037016098086,1.0226082762969317,1.022576139087802,1.0225391577255822,1.022198239434494
1.0484660227105178,1.042031195168566,1.041498149958842,1.0395138711724272,1.0394922355452934,1.0387535994776753,1.0382758220862418,1.037823443427656,1.0363473107880163,1.034854357242808,1.0339584197719902,1.0339527115410043,1.0333968005247736,1.0330635135894677,1.0323602404276362,1.0317573990796844,1.0313145924128602,1.0307249864238395,1.0292376315443328,1.0285345599703453,1.0281693036358908,1.0279870330383394,1.0272251453721846,1.027104763877311,1.026748980336989,1.026721687442492,1.0265660277961743,1.026270582705512,1.026239018780055
1.0441047411358493,1.0330623110139754,1.0276458937420705,1.025292621034078,1.0234933290705703,1.0221094029093374,1.021474962698203,1.0207930297655603,1.0205886748555237,1.0200361112326968,1.0197372158629197,1.0196275688016436,1.0195790641280587,1.019377654890911,1.0191671077742057,1.0189419375252042,1.0187901186832786,1.018576111506215
1.0439248730035144,1.0412351623773162,1.037470623260677,1.0340703393199544,1.031204845112151,1.0309032845903419,1.030447178821952,1.0289509691452356,1.0280736925727307,1.0269911353941081,1.0257528125417903,1.0253698929218715,1.0240162295636246,1.023230138060345,1.0226162707104167,1.0224970705953187,1.0223987561636354
1.0486369204905208,1.0403941771945573,1.036101543818985,1.0322589573925922,1.032234122020515,1.0318705463040425,1.0307527288726728,1.0307351839296939,1.0298721085176146,1.0291637173696546,1.0289721754223373,1.0282267727268264,1.0275380867343522,1.0265943911000188,1.0259942745176622,1.0258760586480828,1.0254514033094555,1.0248003894378916,1.024481609789257
1.0454117984981026,1.0389431343288715,1.0340132500377321,1.0334565491602001,1.0314340356464498,1.0285471911332333,1.0269282815375664,1.0259751985240921,1.025170759544455,1.0247146497371067,1.0243261456090016,1.0242958679773408,1.0241950484808706,1.0231369112651385,1.0229399254783147,1.0229083609318996,1.0226267888169438,1.0224344601131552,1.022111514728083,1.0220643523642325,1.0217360444044465,1.0215631833208763,1.0215555343451475,1.021460164592363,1.021443534350305,1.02121944486495
1.0517463140610537,1.0475398388670505,1.0471938665021294,1.0431731149993235,1.040229478897733,1.0381681973261603,1.0369310590609366,1.0351778126138742,1.0351093502750996,1.0348784895414054,1.0346950039274723,1.0339854215816102,1.0335775868201258,1.0329455395560696,1.0326276152094236,1.032612044188351,1.031971274134135,1.0316744814721177,1.0315689538019952,1.0310709734988324
1.0456206656218336,1.0448562158669956,1.043896047876909,1.0390980640708871,1.0362550344628867,1.0333393605734227,1.0303811125885691,1.0297443750032518,1.0278834938847414,1.0273787921445565,1.0263739878288176,1.025695480947687,1.0253469119064451,1.0253427090267915,1.0247554126032015,1.0244345044223562,1.024053221471594,1.0237041168376781,1.0232534727133449,1.0230675766513873,1.0228165184502964,1.0227554383201414,1.022543926462309
1.0497550284910482,1.049413110359875,1.0455814802814132,1.043228281152713,1.0398725212771205,1.036218722619664,1.0327675248846278,1.0309778474810056,1.0282181265833015,1.0263405061101343,1.0255315059420795,1.0244185571461293,1.0237517107553258,1.0234564243453819,1.0230053403438568,1.0226528255342529,1.0224959919821983,1.0223461532038824,1.0221953661859977,1.0220761546566979,1.0218270559312417,1.0216260510975597,1.0213130714328245,1.0212784746968546
1.0477067295464975,1.041632933381484,1.0414889506968217,1.0348549274462704,1.0347724959632254,1.0324497045866956,1.0301105012764138,1.028088155513073,1.0280473828538297,1.0279916188660763,1.027253641916533,1.0268793074126967,1.0261450534048204,1.025672131835146,1.0255462678812641,1.0255425090571242,1.0250300958631227,1.0246422275841955,1.0245048692322372,1.0244468045141975
1.048253613001162,1.0441794106872402,1.0408560588493239,1.0380461383740311,1.0367634996493922,1.0350408248488103,1.0334635821284945,1.0330008499465146,1.030061606222604,1.0279366778075492,1.0265305091277828,1.0252105350549503,1.0240959614873233,1.0231652964769178,1.022562949123338,1.0220158057897712,1.0216948588580288,1.0212095861416228,1.021085048421898,1.0209399649741977,1.0207844748540407,1.0204489356344995,1.020367201678877,1.0201497520741207,1.0198745119286017
1.047161970488893,1.042946965629872,1.039579225037751,1.037905507355962,1.037106167057326,1.0356218415555218
1.0488501995676145,1.040828943891327,1.040362826736148,1.0385294680334607,1.0368220806428052,1.034600263020359,1.0322665829873334,1.0319042604101683,1.0312406576257773,1.030078550057156,1.0287525280841827,1.0279018625033134,1.0268510064865113,1.026130294187152,1.0254570191080443,1.0252861513395508,1.024633547000524,1.0244219307248286,1.0240455948110139,1.0235044678148122,1.0230438749671005,1.0224530722252052,1.02217225063951,1.0220219944436948,1.021938478521322
1.0458831485126203,1.0441722844444215,1.043320359654774,1.040774131373815,1.0369938373074994,1.036468266631626,1.0344242861449715,1.0327583244493093,1.0303524684428846,1.0287790072241427,1.0279712780918135,1.02718133395734,1.0265619799325554,1.0261594015902604,1.0255203136873345,1.025230699775974
1.0474631474769696,1.0440270861848884,1.0400270788686448,1.0396637651576996,1.038140543026033,1.0376325428805746,1.0370248597491682,1.036773303582571,1.0355979770637145,1.0342283888324553,1.0336132480140368,1.0327236798336632
1.0472221507240396,1.0457364262911488,1.045257901021449,1.041693003165225,1.0410074186455112,1.0383415161260903,1.0371941418004633,1.035708035574508,1.0352981811994053,1.0339931331845564,1.032565834076977,1.0318349460223968,1.0305669772082184,1.030412213741154,1.0299976119409908,1.0299363256457228,1.0295572700997713,1.0287686068596031,1.0278382862256785,1.0270842649018004,1.0265484476286129,1.026333839539661,1.0257891471000666,1.025306379272904,1.0251004413535354
1.0469218929044226,1.0406127588911187,1.0347438861837628,1.030358949265606,1.0279372378588276,1.0261932547753019,1.0253542765611825,1.023508558323564,1.0217908986684097,1.0211856567679578,1.021009220592955,1.0205436176738725,1.0202680932122379,1.0196862687075265
1.0458379721495397,1.039976179488115,1.0371749453134715,1.0353409224086674,1.0349398990726266,1.0346259797655954
1.0478987017218422,1.042887359282885,1.0418943091458894,1.041883547401428,1.041245214907825,1.0411470042636215,1.0399932697406535,1.0385355332614987,1.038452828260478,1.0384055255609168,1.0377893635837094,1.036733692640931,1.0353917737369818,1.03496997651706,1.034900754764254,1.033948701774719,1.033297055068174,1.032686541202656,1.0319476785601949,1.0317574377359897,1.0317365316593312,1.0314536109585364,1.0312481506700226,1.0308992507720325,1.0300266873607462
1.0480014185481727,1.0430297671731148,1.040594276010115,1.038221186269507,1.037900916267512,1.0368913704335214,1.0368404203779373,1.0352873656104815,1.0345480154822342,1.0333269288315292,1.0332851183693461,1.032115784904828,1.031296200939188,1.030065532370995,1.0295859296868235,1.0294512857020657,1.0285110964030755,1.0281096481581304,1.0278473835186652,1.0270763807679846,1.0267755036302755,1.0261319209549011,1.0258754043532354,1.025424141098645,1.0251638349910708,1.024766452455887
1.0490147439309505,1.0462605077106655,1.044533538035552,1.0405673156348318,1.036919057070839,1.033355512527679,1.0306942515516864
1.0482462576691232,1.0434571212833852,1.042566999238383,1.0379922316156425,1.0367668606726472,1.0366694421707912,1.0360108160405102,1.0360007928873962
1.0448883397825477,1.0445368424632557,1.0380933959594392,1.0360667467418136,1.0334076017698728,1.033318649152301,1.0323188457121422,1.0302755981024878,1.0282725039984026,1.0270993665102723,1.0262869578385028,1.0260874881216016,1.0253234780098133,1.0247737766939617,1.0247586085280749,1.0241498987556796,1.0234982086471982,1.0226300896842861,1.0223783832563682,1.021847118012258,1.0210388917444488,1.020693663532441
1.049261935895874,1.0436725625567616,1.0380823544879842,1.0370609866271765,1.0336705104714583,1.0325507917299956,1.0315606008198859,1.030865427791724,1.029891241660956,1.0283161658773536,1.028304430146891,1.0274146856561073,1.0273335313855347,1.0266874798339223,1.026300442730879,1.0259655203097706,1.0252372588570509,1.0248917899548893,1.0246460584929205,1.0244036354060546,1.0241475516461223,1.0240068586745084
1.0481566584665252,1.0399386601325271,1.0362749922884968,1.0360509760603045,1.0351809453593455,1.0337510488720043,1.0328082070566735,1.031833480195356,1.0318059254022658,1.0309978744079205,1.0305055874583045,1.028219743870755,1.0265430921818608,1.0258411190668142,1.0257851812912382,1.0256367052526532,1.0249340136247458,1.0242866573836795,1.023820699321639,1.0234338295346146,1.0233405189147127,1.022936451758227,1.0227685917681963,1.02265235568528,1.0223206752290135
1.0469892830424317,1.0380369787543038,1.0345549646325887,1.0311250591609022,1.0310048120965964,1.0300134586893337,1.0287464944372242,1.0286418809556888,1.0266844426881194,1.0256069125357454,1.0244328915921381,1.0243755580468816
1.048048459392577,1.0415443674344014,1.0384118332615453,1.0378041201308104,1.0327584576214446,1.0320752244324514,1.0294792911444395,1.027145584919845,1.0264579784536385,1.0263194273228322,1.0262237807239776,1.0253914179099415,1.0248649882420158,1.0243404468004949,1.023937341594919,1.023739516349426,1.0236856961993506,1.0235940653216888,1.0234096787799338,1.0233923620903593
1.0466770804675174,1.0431995788277812,1.042588645377199,1.0385529228896626,1.0357155570970764,1.0350038277447464,1.0337285477648894,1.0311741745969776,1.0306268325977206,1.0300776674431058,1.0299642007479115,1.0289496321405258,1.028723112410649,1.0282301976128527,1.0273841410611453,1.0265399788126695,1.0262880146334898,1.0261902122877846,1.0259264034679823,1.0256910790423517,1.0256008249397208,1.0253048938979732,1.024951987787605,1.024802211681635
1.0486056121751437,1.0431084166488747,1.040106675353429,1.039688426058267,1.0351265954202546,1.0337380217450356,1.0336890346563679,1.0330633038091568,1.0323955621720204,1.0319007554241586,1.0316617410327311,1.031510910867019,1.0310713913534075,1.0305870903297367,1.0297974832342016,1.0291933022546302,1.0288028732041068,1.028385208684327
1.0485511572533512
1.0464662230022856,1.040690238494133,1.039189176453502,1.0364560828904852,1.0351289298184434,1.0341991596705307,1.033727675381754,1.0321654366547257,1.0321024872296736,1.0311985629929281,1.0305190704239962,1.0303855923832148,1.0302835761455131,1.0296708487014319,1.0286626326911703,1.0285965517307107,1.0284818866580414,1.027731276406406,1.027559805346576,1.0275493533321298,1.0270640897077585,1.0267508402929435,1.0264292488934406,1.0261527517251459,1.026016673511815,1.0259437666730393,1.025803955892795
1.0480719367768188,1.043478544747644,1.0423217781556842,1.0363182219720743,1.034950733114075,1.0336687196950023,1.0335930966444866,1.0322333798036736,1.03031696269624,1.0288236390643695,1.027529777893349,1.0259459412240766,1.0252133196664286,1.0247957395743414,1.0244906423538163,1.0241612622347664,1.0240324885223147,1.0239127760811266,1.0231703556402458,1.023010051366345,1.0228307390983722,1.0226119055874634,1.0225998804084395,1.0223683409363327
1.046944398136926,1.0433861733784064,1.0387705736697859,1.036869427185693,1.0357631533425768,1.034866544218023,1.0347724921045631,1.0341173725068393,1.0333545694375548,1.0330436740532325,1.032734032071571,1.0324074038205522,1.032220306991223,1.0321999836002915,1.031135769577152,1.0297616225967134,1.0281308858794567,1.0267830779880522,1.025723166091508,1.025718699612739,1.0252519302977618,1.0249420912397043,1.0242244701491194,1.0239048015884729,1.0238017368604602,1.0237936384774935,1.0236195061853455,1.0232424286220532,1.0229860216374371
1.0471803153265982,1.0471291604573956,1.047104322535458,1.0470922282073967,1.0421034232512874,1.039270698514559
1.0458773877708527,1.0454189508753113,1.0447430075549924,1.0447368867897169,1.04448525804195,1.0414743711933183,1.0384981914410167,1.0383451387100624,1.037521932327366,1.0361336558331806,1.0352147560302398
1.0468809437561468,1.0366234425521343,1.0297140579887394,1.0291475238142689,1.028341614166345,1.026293465314615
1.045733193235616,1.0398560799409244,1.0381048775923885,1.0360477349101571,1.0360402733320166,1.0343273670569335,1.0336540404960042,1.0328932679471903,1.0325897515633324,1.031930816543432,1.0314802581953397,1.0297149696565195,1.028559169869591,1.02754819327826,1.0272783113907737,1.0263468220036944,1.0259670793549784,1.0258333126662356,1.0255035538985526,1.0250740705094594,1.0250392908893544,1.024769379271443,1.0242618274905018,1.0241250605442709,1.0241024244193475,1.0236801558289177
1.0472702042637079,1.0443311788205938,1.0429109942148123,1.0428527486430421,1.0385492913069698,1.036367286288512,1.0347296101997017,1.0334817796186706,1.0318219113751592,1.0313098739955364,1.029476887630768,1.0277694324784177,1.0263431155287002,1.0258754989614787,1.0253709913250113,1.0248141233701313,1.0243222345893297,1.0242386123119156,1.0242313060282002,1.0236316561278707,1.0233811688864158,1.0232407953543787,1.0231078959011863,1.0230141883740669,1.0230120292691567
1.045624695577389,1.0448532961405403,1.0398945246039009,1.036018956376944,1.0360150760803268,1.0350617626033036,1.0336866452766698,1.0335669218842523,1.032477349148076,1.031567965904557,1.0314144242105778,1.0313378152348276,1.031288644541522
1.047962872334481,1.0442799888884269,1.0357716050951427,1.0345014544453994,1.031959203849577,1.0303520521815708,1.0293107599078997,1.028220801263839,1.0280963567189074,1.0275647896335913,1.027169302780996,1.0262611997530597,1.0253376301184483,1.0247065906504826,1.0241705661760039,1.0241285633062225,1.0237454586708612,1.023688342607262,1.0234208520106645,1.0231849357175455
1.044494632142427,1.0400113975194683,1.036378509043107,1.031781416005448,1.0317447930476504,1.03048028962112,1.0294419746202876,1.0294257574239871,1.0285758260748032,1.0285361397486759,1.0283690607080982,1.0282577303818217,1.0276255502658387,1.027612224792225,1.0270711184878951,1.0267361812016753,1.026545634200545,1.0264771355488318,1.0263479480320568
1.0490605333939638
1.0501296122125494,1.044333136672404,1.0443142166921418,1.0377504149426542,1.036207243553995,1.0327654190775537,1.030791153137448,1.029676841687215,1.0277373828599299,1.0268042012974772,1.0247704916877074,1.0240238286041414,1.0234096553108614,1.0233149349623267,1.0226766794627244,1.0221646694312536,1.0219033549400949,1.0216979573835077,1.021611967522837,1.0215407768222196,1.0212436516013104,1.021185209999303,1.0210593961093353
1.0479166613390423,1.0443573732445635,1.0410872026290483,1.04080966551359,1.0368564209427054,1.0356293142429502,1.034151646650477,1.0329066493121366,1.0320133031602066,1.0296986692794028,1.0275758288476822,1.0263982762588608,1.0263384701705072,1.0251637930769908,1.0250870824797051,1.0244105377889399,1.023972925842982,1.0237734484266152,1.0237493450684512,1.0233251253417557,1.0230304010115459,1.0228813397734886,1.0227169847866235,1.0225268075435503,1.0223871321032785,1.0223112785384558
1.0484253033882385,1.0390308830177006,1.0348301109932312,1.0326610126275766,1.0319419694028205,1.0302841512525833,1.0294720315986747,1.0289218906184348,1.027924867618552,1.0267219306718212,1.0260735420397897,1.0253853669881885,1.0249047633454447,1.0245154478555487,1.0237569010624896,1.0232427744788772,1.023012478300742,1.022973466420844,1.0228233132277,1.0224306409911967,1.022120163281669,1.0217659489519964
1.0508558638272045,1.0494059721084843,1.0443405855947059,1.0437616676704373,1.039053462989525,1.0368965038187952,1.0359246067584145,1.034534853329988,1.0333596529115947,1.0315257365054118,1.0314563798873644,1.0314100615613377,1.0309356343563443,1.0303615179687788,1.0296943394273057,1.0293724409784264,1.028892121829074,1.0283479154140032,1.028095465638489,1.027666783624089,1.0271771383656556,1.0268892330351354
1.0479655985447018,1.036563335755843,1.0313743113496505,1.0311441240054975,1.031007386614843,1.0298229684445757,1.0279150559430033,1.0272710685397777,1.026497646682298,1.026430941253895,1.0260001053753738,1.0248516730083863,1.0248372946946194,1.024274594591869,1.0241125304752066,1.0235557584650932,1.022876311817894,1.022140150611938,1.0215213427245553,1.0208962564083486,1.0207007237060204,1.0204341427340904,1.0202794144904757,1.0202142947981536
1.0492259486811524,1.0457278575048843,1.0437859693699925,1.0410895339961703,1.0390884937773903
1.049623142400344,1.049453317762998,1.0447310367604545,1.0392843096196513,1.036674105825131,1.0355908076240687,1.0339891974334017,1.0334007004113017,1.0320156621394336,1.031162931437452,1.0297431405754547,1.0297050425151084,1.029025368413289,1.028876800890906,1.0284345846994025,1.027857396167468,1.027361673953552,1.026585165391357,1.0259621008265523,1.0250005492069314,1.0242973294948972,1.0237677757929475,1.0236425763894146
1.0446579505447164,1.044549113031654,1.0439354259438178,1.03756654916687,1.0365055194342272,1.0332717444650459,1.0311768062981375,1.0293555676610902,1.0282640069620994,1.026175003612378,1.025347596944648,1.0250774665561848,1.0246555392209478,1.0246408237612388,1.024527092716958,1.024333470421764,1.0239502013202413,1.0236409335094334,1.0233460253796152,1.0232961926198354,1.0230903544774794,1.0229618071149862
1.0442736982848664,1.0338941218775033,1.033406234701601,1.0302671424522865,1.0271129343591365,1.0266542932389566,1.02575049472682,1.0248554144153592,1.0242504619729507,1.022905464888105,1.0224777902975934
1.0478763765140218,1.0476327771468361,1.0429004371113912,1.0371043225524652,1.0359360227587417,1.0356489080705589,1.033490199957343,1.0331156542355062,1.0323718362093635,1.0310055082585388,1.031001787054325
1.0475257924323444,1.0410535600795017,1.0336284412753682,1.0331946198064452,1.0320929117694069,1.0301936107895266,1.0293683952203017,1.0282434584362743,1.0274260669781672,1.0267228560410497,1.026363058314324,1.0260030434857605,1.0256804450651982,1.0253317131098953,1.0250525131757362,1.0249715759034803,1.0243958891152536,1.0240946274407763,1.0238969761473786,1.0237002230694419
1.0438659645890254,1.0381116714223486,1.037871382423113,1.0363438366662572,1.035915608377625,1.0354826264184012,1.0333467097589994,1.031796577654402,1.0300271704443642,1.0286076840963847,1.0275280141974406,1.025622492386967,1.0251487668709522,1.025009951942467,1.024448501187068,1.0238737259443367,1.0238209856421367,1.023591201018897,1.0232340585450799,1.0230403343800456,1.0229395827728227,1.0227281034837554,1.0227018667958139
1.0506901439901082,1.0400236027434995,1.03974720053879,1.0369011804077268,1.034680633929394,1.0328519766485458,1.0318439913730262,1.029879513479016,1.0283154732326298,1.0273105245091052,1.0266244953094057,1.0255351082127213,1.0245981070360217,1.0241863723321827,1.023427099142244,1.023165993647571,1.0227385711384105,1.0220413729863502,1.0216531461211258,1.0214485785146976,1.0214135399471629,1.0212687302613928,1.0209937716940225,1.0207719758277305
1.0461368824037411,1.0356551115126704,1.0347452482149693,1.032001295420103,1.028126167974113,1.0278799202718778,1.0277518889864585,1.0268495940133444,1.0260563002424539,1.0259597656060084,1.0257661700816758,1.0254139656786565
1.0457038977659758,1.0434005058892823,1.0404263998564631,1.039950107055092,1.0387700159705116,1.0361526199541968,1.0350153858302003,1.0337644616969208
1.04583671194656,1.0391110399408585,1.0339200593625635,1.0293527091711507,1.0279387224331211,1.027188369472996,1.025702043733564,1.025688489015573,1.0252451121949115,1.024331100341902,1.023687719542795,1.0236210259884053,1.0230778259177808,1.0229636604585657,1.0224240254528822,1.021618495635857,1.0215059769136623,1.0213266727728287,1.0210460514247588
1.04741553039455,1.0449812084543302,1.044231725408381,1.0435490711916289,1.0403263743084592,1.0391313559471973,1.0374271898902343,1.0355512832252718,1.034700355920476,1.0346145417278438
1.045850961079386,1.037521469035228,1.0329218893124985,1.028508615125625,1.0255544418818687,1.024523374512905,1.0235018376699063,1.0234972176967123,1.0229650629536668,1.0223590796537956,1.0218309111236483,1.021261932940424,1.0208386810166632,1.0200271344940355,1.0191447403321747,1.0190485552060125,1.0188797410780563,1.0186563041883234,1.0185869591656715
1.047247209379337,1.0469096989274533,1.043172343361965,1.042969550548835,1.0408440525426559,1.0393764775760823,1.0384584374884598,1.037551211259965,1.0371577682226139,1.037121267784349,1.0369779542459858,1.0369513231271659,1.0363956567848256,1.0359903168724103,1.0356338789484614,1.035387330746515,1.0352338861650567,1.0350404924343641
1.0491130338154304,1.042542537552903,1.0373892964016775,1.0326981886507594,1.0301820117131555,1.0298061748102543,1.0292414531416534,1.029191519223842,1.0289323810661795,1.0279131463732274,1.027811945012983,1.027784995584379,1.0269358061396965,1.0263773730982035,1.025985388871534,1.025709674556219,1.0256436463281982,1.0253154793169892,1.0251459405167387,1.0250958149914104,1.024637807365442,1.024323625647771
1.0490800586074198,1.0490082226010513,1.04522439502517,1.0448525662960748,1.0423240032755225,1.041573156942199,1.0381569915019075,1.0381561695166504,1.0377093465542173,1.0371693503234392,1.0365271224502544,1.0364558914804907,1.0357904253537014,1.0352479726502777,1.0352284893651194,1.0347523498067133,1.0345085637015021,1.0344680253194725,1.0340066764888023
1.0463776404532337,1.0391726305951896,1.0358920359458414,1.0322317300369053,1.0306949036719675,1.0282693561058727,1.0271706324749863
1.0468563188420121,1.0420214516463886
1.048679743777869,1.0401697247496304,1.038536663248859,1.0384694496935287,1.0357803171384434,1.0350063004838361,1.0343475882845405
1.0495965336233548,1.042073817693557,1.0394097883982971,1.0348322368753737,1.0314046853521255,1.027309877460713,1.025490914246802,1.0250056593071424,1.0248430593507938,1.0239736299403546,1.0238624921558537,1.0238133373728817
1.0471118494148461,1.0457110053070395,1.0420029516148297,1.0395378942553133,1.038328711724072,1.0376188492663068,1.0371407096256235,1.0367323422730719,1.0344217546544898,1.0332449069972593,1.0320369255550326,1.0310395182539511,1.029670793279758,1.028633364014425,1.0284532466744438,1.0267347661103137,1.0255509935099734,1.024701146199555,1.023898070400157,1.0233722744215938,1.0229772044323602
1.045804846194908,1.0382378372182792,1.031114678488584,1.025959826609384,1.0245898053687637,1.0236574669388674,1.0227645444518803,1.0221126900049056,1.0216722368576479,1.0211859139875843,1.0205798329652527,1.0205308785450942,1.020473954062196,1.0200697607095115,1.0198581120289627,1.0195310370037152,1.0192977637551268
1.04790015497642,1.044404657524242,1.044111215907037,1.044107768986918,1.0429511218749672,1.0392512277741859,1.033168090602041,1.0308342732527036,1.0278778706352634,1.0260026168560727,1.0248963217436005,1.0244299053451147,1.0238638766236583,1.0234068641099738,1.0231028601392573,1.0227980732144895,1.0226133237826935,1.0224519398123064,1.0221078907300525,1.0219206576023783,1.0219120962726265,1.021675259167826,1.0216181515242557
1.0472954798894594,1.0416864491597195,1.0349302883872202,1.0349160696378943,1.031895575959708,1.0306509970319782,1.0305171140560763,1.0290066652739263,1.0277956578048508,1.0276429633365138,1.0268857798662632,1.025842891525844,1.025184804284285,1.0247631968158595,1.0247372433641473,1.0244011857809696,1.0238084206939921,1.0234116128964348,1.0233365244400388,1.02328933702073,1.0229462891546757,1.02257751974875,1.0224325262828562,1.0220757495551425
1.0473749430719308,1.0425326747028387,1.039276608677655,1.0364891190388261,1.0363671603910751
1.0492182031111996,1.046177272466876,1.0432185226207678,1.0395237835421702,1.0385596232571412,1.0382636309797635,1.037783150591396,1.0372730967117043,1.0369880066751438,1.0368194769984462,1.0367567455473305,1.0357427028029935,1.0355219102470694,1.0353968354650716,1.035259408266577,1.0350037444225624,1.0349520225957385,1.0346637915294177,1.0344069404148222,1.0337083850911413,1.032663477234252,1.031564720648759,1.0310361151218268,1.0305730886316333,1.0301339138837653
1.0452309739504153,1.0388472526634795,1.0374348603791936,1.036186678929368,1.033584349814536,1.0324016509874114,1.0314532864964148,1.0308179675107838,1.0294438530505108,1.027579367255284,1.027359169730188,1.0249652015221673,1.0239349822465331,1.0235738344903538,1.0230791797466543,1.0228407271670072
1.0466438176523887,1.0397559139382317,1.033199273049802,1.0294785132612503,1.0281763222983693,1.0281459605983665,1.0266027608787056,1.0261889753521265,1.0257938021380173,1.0255253022961313,1.024956569902227,1.0246489047546063,1.0245586593153004,1.0241103414162613,1.0237613337431979,1.0234389226180733,1.0232331624940096,1.023068325959685,1.0226323595432503
1.047249984352059,1.0368123492867918,1.0307202030725457,1.0291128998815868,1.0281256745398717,1.0260672551811594,1.024466727797091,1.0239186630700141,1.0231682775136373
1.0472860485169397,1.0469535698550623,1.0406435752672636,1.039174147698941,1.0390468100819314,1.0388720510161498,1.0372525729890354,1.0345753029259703,1.0335303927998463,1.0318984954275812,1.0313283574760679,1.0304691475766183,1.0303422623715708,1.0297415637447305,1.029046487553685,1.0283138801866498,1.0277919415223185,1.027543509860817,1.0269178748188836,1.026452807625943,1.0262652923779578,1.025989339045992
1.047410593912008,1.0415986433734166,1.037219428240424,1.036814863179572,1.0354835029852427,1.035472574663731,1.035283391005002,1.0345819080295664,1.0335959975091664,1.0332641467839132,1.0332544127183574,1.033096841288528,1.0324568914962593,1.0321031120362438,1.0320811653298092,1.0302491537217018,1.0288360939444654,1.0275471591690324,1.0269720524206951,1.0263841106914544,1.0261353328881149,1.025523783494446,1.0252653169914538,1.0248592839166257,1.0247199869824855,1.024512664499434,1.024420901872596,1.0241919362164913,1.024029124008604,1.0239610747487136
1.0478436733863672,1.0434443791810006,1.038996897652604,1.0351459819690418,1.0304339449622693,1.029086924474681,1.0267694448329798,1.024069504877512,1.022831743039816,1.0221440104824602,1.0216040576166856,1.02091773322813
1.0475893906404872,1.0449927449329979,1.0417397747150081,1.0400556839018735,1.0384084062271184,1.0373537255522973,1.0362807543757233,1.0337313838198194,1.0312278779276312,1.0299421642617805,1.0280689136802494,1.0268231233764173,1.0261224678241356,1.0252648348405322,1.024686051665071,1.0239667510122243,1.0235998807714575,1.023371768328544,1.0230526911320077,1.0228643915680575,1.0227376316173287,1.0223521280218373,1.0222229215023095,1.021973697244398
1.0490155190389254,1.0463704302895414,1.0463678154402314,1.0441508393861352,1.0421565552206884,1.0395276646007512,1.0375550921665537,1.0375010436232153,1.0367337101453242,1.0356330775803038,1.0354590586857904,1.0349363411012074,1.0346376848997478,1.0341524174989003,1.0336101860412337,1.033525474018821,1.0333421465575154,1.0331293214848534,1.0320635086832983,1.0316923215105935,1.0308289048793233,1.030221601593284,1.0295756465560657,1.0287667009267851,1.0285163556035757,1.028237319124259,1.027800401092041,1.027441542435952,1.0272700463110684,1.0265952568671333,1.0261325254357718
1.0476234043625396,1.04048283294099,1.0334420445472354,1.0291050013240715,1.028747985982962,1.0279421559425386,1.0261083437202916,1.0255717206649322,1.0248945655335022
1.0487322166801316,1.0413555821891554,1.0403329561041548,1.038274831602648,1.0374880115588705,1.0351270475604815,1.0350460952826104,1.0349290210438988,1.0340682611160872,1.0332647456313504,1.0330811848785808,1.032266059193244,1.0322013189925188,1.031944401173358,1.0315844095848623,1.03151157833047
1.0471600163461203,1.0388184339121551,1.0379565565859148,1.0354167603656153,1.03401671114033,1.0320093981526532,1.031965931369729,1.0301536595778105,1.028612921262586,1.0275918307051446,1.0270122103838737
1.0495319812499633,1.0474058697366868,1.0423424454239703
1.0490155953148503,1.0409077643434845,1.0366311735551321,1.0344567906601163,1.034438275415938,1.0332287722421878,1.0332146502254331,1.0328421987360317,1.0326942880482939,1.03233427599146,1.0316371156503388,1.0314857351055415,1.031382289641174,1.031148056412628,1.0308220317562031,1.0304641993017032,1.0301859284301043,1.0300732262501857
1.0485209201595398,1.0480970958112705,1.0474248489828772,1.0468035475633453,1.0461705330870172,1.0435384352387786,1.0427210615096576,1.038976962121822,1.0365720063275692,1.0351047362178283,1.0332434604590628,1.0319467590398648,1.0308260606536708,1.0298964485338835,1.029217084920332,1.0291923507997083,1.028071148258315,1.0277614671446673,1.0272722020744123,1.027146406364779,1.026975473566872,1.0265999962845158,1.0262139763127711,1.0262057116054972,1.0260501590436606,1.0259964754964663,1.0258410782359786,1.0256417632375843,1.0255634457815106
1.045901014127432,1.03657229938133,1.0325610037693,1.0305076838339196,1.028557668394735,1.0271965037670745,1.0264676081258626,1.0255293144678255,1.0250426879619654,1.0244624711559924,1.0240072085311005,1.023887109094513,1.0233451718007913,1.023053074480233,1.0226861611168931,1.022684965348498,1.0224038288326218,1.0222715219433767
